username,token,roomId
stress_user_0,eyJhbGciOiJIUzI1NiIsInR5cCI6IkpXVCJ9.eyJ1c2VySWQiOiI2OTZmYjUzZDFkY2YxZTFlM2FjMmEyNjMiLCJpYXQiOjE3Njg5Mjg1NzMsImV4cCI6MTc2OTAxNDk3M30.Vn4awu0_jsqHXQU1Chqc45oh8XQ-cyytsB9oR3FqoVA,696fb53d1dcf1e1e3ac2a2c8
stress_user_1,eyJhbGciOiJIUzI1NiIsInR5cCI6IkpXVCJ9.eyJ1c2VySWQiOiI2OTZmYjUzZDFkY2YxZTFlM2FjMmEyNjQiLCJpYXQiOjE3Njg5Mjg1NzMsImV4cCI6MTc2OTAxNDk3M30.qvY6YF_A1-2SlS4L31-isnybctY8Ww2fjxS_RAX-q28,696fb53d1dcf1e1e3ac2a2c8
stress_user_2,eyJhbGciOiJIUzI1NiIsInR5cCI6IkpXVCJ9.eyJ1c2VySWQiOiI2OTZmYjUzZDFkY2YxZTFlM2FjMmEyNjUiLCJpYXQiOjE3Njg5Mjg1NzMsImV4cCI6MTc2OTAxNDk3M30.OkqsEcQ8jMFXfjbdzmL5OLOUlw8HOOfou3SzL-TEQwo,696fb53d1dcf1e1e3ac2a2ca
stress_user_3,eyJhbGciOiJIUzI1NiIsInR5cCI6IkpXVCJ9.eyJ1c2VySWQiOiI2OTZmYjUzZDFkY2YxZTFlM2FjMmEyNjYiLCJpYXQiOjE3Njg5Mjg1NzMsImV4cCI6MTc2OTAxNDk3M30.hgE843__oEb_jpkSnvT2Q4c9ra9-eddDHD5-1I6Dtys,696fb53d1dcf1e1e3ac2a2ca
stress_user_4,eyJhbGciOiJIUzI1NiIsInR5cCI6IkpXVCJ9.eyJ1c2VySWQiOiI2OTZmYjUzZDFkY2YxZTFlM2FjMmEyNjciLCJpYXQiOjE3Njg5Mjg1NzMsImV4cCI6MTc2OTAxNDk3M30.XBRarXpc_k6keqjf5YJYEJ0fnneXxblspb80CtV44SQ,696fb53d1dcf1e1e3ac2a2cc
stress_user_5,eyJhbGciOiJIUzI1NiIsInR5cCI6IkpXVCJ9.eyJ1c2VySWQiOiI2OTZmYjUzZDFkY2YxZTFlM2FjMmEyNjgiLCJpYXQiOjE3Njg5Mjg1NzMsImV4cCI6MTc2OTAxNDk3M30.lqEE8QzyRhvkHR8v2XI1qDFz_-wSNO8pLhbpC_3PSVg,696fb53d1dcf1e1e3ac2a2cc
stress_user_6,eyJhbGciOiJIUzI1NiIsInR5cCI6IkpXVCJ9.eyJ1c2VySWQiOiI2OTZmYjUzZDFkY2YxZTFlM2FjMmEyNjkiLCJpYXQiOjE3Njg5Mjg1NzMsImV4cCI6MTc2OTAxNDk3M30.fefiWMgAUN_KbTrpvB5u_TAcw4mARtE_28qDJsSftaM,696fb53d1dcf1e1e3ac2a2ce
stress_user_7,eyJhbGciOiJIUzI1NiIsInR5cCI6IkpXVCJ9.eyJ1c2VySWQiOiI2OTZmYjUzZDFkY2YxZTFlM2FjMmEyNmEiLCJpYXQiOjE3Njg5Mjg1NzMsImV4cCI6MTc2OTAxNDk3M30.zZFd3obc3a_kzyLJiPygdtmkF8UCCdq1p8gQUwMMw3Y,696fb53d1dcf1e1e3ac2a2ce
stress_user_8,eyJhbGciOiJIUzI1NiIsInR5cCI6IkpXVCJ9.eyJ1c2VySWQiOiI2OTZmYjUzZDFkY2YxZTFlM2FjMmEyNmIiLCJpYXQiOjE3Njg5Mjg1NzMsImV4cCI6MTc2OTAxNDk3M30.9cZuGaFngSNBqdDqkzojh6jmqygIsPWUo4mhJLx6I6M,696fb53d1dcf1e1e3ac2a2d0
stress_user_9,eyJhbGciOiJIUzI1NiIsInR5cCI6IkpXVCJ9.eyJ1c2VySWQiOiI2OTZmYjUzZDFkY2YxZTFlM2FjMmEyNmMiLCJpYXQiOjE3Njg5Mjg1NzMsImV4cCI6MTc2OTAxNDk3M30.PDj7HQ1Apss4ODnfhh-dwIsphId7EPDMOZLbVsI1wEc,696fb53d1dcf1e1e3ac2a2d0
stress_user_10,eyJhbGciOiJIUzI1NiIsInR5cCI6IkpXVCJ9.eyJ1c2VySWQiOiI2OTZmYjUzZDFkY2YxZTFlM2FjMmEyNmQiLCJpYXQiOjE3Njg5Mjg1NzMsImV4cCI6MTc2OTAxNDk3M30.0xNwdS09GpdbI4AxvxgNLAobUmozTam9MnKPDHwDgbI,696fb53d1dcf1e1e3ac2a2d2
stress_user_11,eyJhbGciOiJIUzI1NiIsInR5cCI6IkpXVCJ9.eyJ1c2VySWQiOiI2OTZmYjUzZDFkY2YxZTFlM2FjMmEyNmUiLCJpYXQiOjE3Njg5Mjg1NzMsImV4cCI6MTc2OTAxNDk3M30.y_dga0AxJTeNmdvS3M4Cgx3AVSORoFx86v1ZO1EBARg,696fb53d1dcf1e1e3ac2a2d2
stress_user_12,eyJhbGciOiJIUzI1NiIsInR5cCI6IkpXVCJ9.eyJ1c2VySWQiOiI2OTZmYjUzZDFkY2YxZTFlM2FjMmEyNmYiLCJpYXQiOjE3Njg5Mjg1NzMsImV4cCI6MTc2OTAxNDk3M30._V1MM3Kijh1eD9cqUS68ykVfhBtY2QKS49mK1FVgo9Q,696fb53d1dcf1e1e3ac2a2d4
stress_user_13,eyJhbGciOiJIUzI1NiIsInR5cCI6IkpXVCJ9.eyJ1c2VySWQiOiI2OTZmYjUzZDFkY2YxZTFlM2FjMmEyNzAiLCJpYXQiOjE3Njg5Mjg1NzMsImV4cCI6MTc2OTAxNDk3M30.NpqVtNOIVkGbBTQazKxvArC5koVbLQUdTVfPmi-9RJY,696fb53d1dcf1e1e3ac2a2d4
stress_user_14,eyJhbGciOiJIUzI1NiIsInR5cCI6IkpXVCJ9.eyJ1c2VySWQiOiI2OTZmYjUzZDFkY2YxZTFlM2FjMmEyNzEiLCJpYXQiOjE3Njg5Mjg1NzMsImV4cCI6MTc2OTAxNDk3M30.VujjJd9lk5cwwBHvMoF3vzeCaBkgzpllDM6DIX_omK0,696fb53d1dcf1e1e3ac2a2d6
stress_user_15,eyJhbGciOiJIUzI1NiIsInR5cCI6IkpXVCJ9.eyJ1c2VySWQiOiI2OTZmYjUzZDFkY2YxZTFlM2FjMmEyNzIiLCJpYXQiOjE3Njg5Mjg1NzMsImV4cCI6MTc2OTAxNDk3M30.wRQi9PuVy6PpPE5KbWFjvLOjnoYmKCbqHh7dhzy_mLE,696fb53d1dcf1e1e3ac2a2d6
stress_user_16,eyJhbGciOiJIUzI1NiIsInR5cCI6IkpXVCJ9.eyJ1c2VySWQiOiI2OTZmYjUzZDFkY2YxZTFlM2FjMmEyNzMiLCJpYXQiOjE3Njg5Mjg1NzMsImV4cCI6MTc2OTAxNDk3M30.ljfJbNwPIqMCqY7MveoRjjRQyqO8NA3kIKjvbAZ4ey0,696fb53d1dcf1e1e3ac2a2d8
stress_user_17,eyJhbGciOiJIUzI1NiIsInR5cCI6IkpXVCJ9.eyJ1c2VySWQiOiI2OTZmYjUzZDFkY2YxZTFlM2FjMmEyNzQiLCJpYXQiOjE3Njg5Mjg1NzMsImV4cCI6MTc2OTAxNDk3M30.cGm3aTdOcHIfgyh8nCJz98IkZ9NkDSJn2IKflrbEmvg,696fb53d1dcf1e1e3ac2a2d8
stress_user_18,eyJhbGciOiJIUzI1NiIsInR5cCI6IkpXVCJ9.eyJ1c2VySWQiOiI2OTZmYjUzZDFkY2YxZTFlM2FjMmEyNzUiLCJpYXQiOjE3Njg5Mjg1NzMsImV4cCI6MTc2OTAxNDk3M30.T8LS1D_CRq6b6SzTY3uSIS0vxIKCafcDUmemROsyjyY,696fb53d1dcf1e1e3ac2a2da
stress_user_19,eyJhbGciOiJIUzI1NiIsInR5cCI6IkpXVCJ9.eyJ1c2VySWQiOiI2OTZmYjUzZDFkY2YxZTFlM2FjMmEyNzYiLCJpYXQiOjE3Njg5Mjg1NzMsImV4cCI6MTc2OTAxNDk3M30.t3wh88sDjWdgGjKskV0bKL4J5098QuR1quA8upl3bgk,696fb53d1dcf1e1e3ac2a2da
stress_user_20,eyJhbGciOiJIUzI1NiIsInR5cCI6IkpXVCJ9.eyJ1c2VySWQiOiI2OTZmYjUzZDFkY2YxZTFlM2FjMmEyNzciLCJpYXQiOjE3Njg5Mjg1NzMsImV4cCI6MTc2OTAxNDk3M30.GLB2PihGLbt7PZ4VPsF7D0LX5Zew8bkiFCRhwJT1aMA,696fb53d1dcf1e1e3ac2a2dc
stress_user_21,eyJhbGciOiJIUzI1NiIsInR5cCI6IkpXVCJ9.eyJ1c2VySWQiOiI2OTZmYjUzZDFkY2YxZTFlM2FjMmEyNzgiLCJpYXQiOjE3Njg5Mjg1NzMsImV4cCI6MTc2OTAxNDk3M30.q37pzdDqwkg4HvYpFnXMdFPYJiWc0BcDb5t1JGqmO_M,696fb53d1dcf1e1e3ac2a2dc
stress_user_22,eyJhbGciOiJIUzI1NiIsInR5cCI6IkpXVCJ9.eyJ1c2VySWQiOiI2OTZmYjUzZDFkY2YxZTFlM2FjMmEyNzkiLCJpYXQiOjE3Njg5Mjg1NzQsImV4cCI6MTc2OTAxNDk3NH0.XDJAHtEaM17dpl23UVX8yxGelwp9N17rG0KpEnkhSQA,696fb53d1dcf1e1e3ac2a2de
stress_user_23,eyJhbGciOiJIUzI1NiIsInR5cCI6IkpXVCJ9.eyJ1c2VySWQiOiI2OTZmYjUzZDFkY2YxZTFlM2FjMmEyN2EiLCJpYXQiOjE3Njg5Mjg1NzQsImV4cCI6MTc2OTAxNDk3NH0._4tA__GlBVHadCA6WRA3-WQgpu8TAjH3j_NsmLq_Yck,696fb53d1dcf1e1e3ac2a2de
stress_user_24,eyJhbGciOiJIUzI1NiIsInR5cCI6IkpXVCJ9.eyJ1c2VySWQiOiI2OTZmYjUzZDFkY2YxZTFlM2FjMmEyN2IiLCJpYXQiOjE3Njg5Mjg1NzQsImV4cCI6MTc2OTAxNDk3NH0.Tn48FWZmi0p2kJ-AoqHK_dqS2gxkpukjOTvx-IODG3s,696fb53e1dcf1e1e3ac2a2e0
stress_user_25,eyJhbGciOiJIUzI1NiIsInR5cCI6IkpXVCJ9.eyJ1c2VySWQiOiI2OTZmYjUzZDFkY2YxZTFlM2FjMmEyN2MiLCJpYXQiOjE3Njg5Mjg1NzQsImV4cCI6MTc2OTAxNDk3NH0.XNLEHoWfzJ4YJS4bdC-ctqqcXimbBjhD_7M8GWA8sRk,696fb53e1dcf1e1e3ac2a2e0
stress_user_26,eyJhbGciOiJIUzI1NiIsInR5cCI6IkpXVCJ9.eyJ1c2VySWQiOiI2OTZmYjUzZDFkY2YxZTFlM2FjMmEyN2QiLCJpYXQiOjE3Njg5Mjg1NzQsImV4cCI6MTc2OTAxNDk3NH0.7l7-GgZo5jokwPFOwQfIEZM7JA4yzDLY0o7MCC1RH0I,696fb53e1dcf1e1e3ac2a2e2
stress_user_27,eyJhbGciOiJIUzI1NiIsInR5cCI6IkpXVCJ9.eyJ1c2VySWQiOiI2OTZmYjUzZDFkY2YxZTFlM2FjMmEyN2UiLCJpYXQiOjE3Njg5Mjg1NzQsImV4cCI6MTc2OTAxNDk3NH0.bWsusuVPCIRMbLdCb7Jaalrga2PJuwAXl4DhFALv75A,696fb53e1dcf1e1e3ac2a2e2
stress_user_28,eyJhbGciOiJIUzI1NiIsInR5cCI6IkpXVCJ9.eyJ1c2VySWQiOiI2OTZmYjUzZDFkY2YxZTFlM2FjMmEyN2YiLCJpYXQiOjE3Njg5Mjg1NzQsImV4cCI6MTc2OTAxNDk3NH0.K79IOTB2dUCD17vXOkvOS5OSooFh6dlR_Krt6kr3xic,696fb53e1dcf1e1e3ac2a2e4
stress_user_29,eyJhbGciOiJIUzI1NiIsInR5cCI6IkpXVCJ9.eyJ1c2VySWQiOiI2OTZmYjUzZDFkY2YxZTFlM2FjMmEyODAiLCJpYXQiOjE3Njg5Mjg1NzQsImV4cCI6MTc2OTAxNDk3NH0.X0zB_MeRTNnAVpDownWH5BE81Xr-jokMbBjo2_JqKvo,696fb53e1dcf1e1e3ac2a2e4
stress_user_30,eyJhbGciOiJIUzI1NiIsInR5cCI6IkpXVCJ9.eyJ1c2VySWQiOiI2OTZmYjUzZDFkY2YxZTFlM2FjMmEyODEiLCJpYXQiOjE3Njg5Mjg1NzQsImV4cCI6MTc2OTAxNDk3NH0.tNz22hj3Ke1-vRKkzIlIHf1cHj2d9CeM6St4MlyVnb8,696fb53e1dcf1e1e3ac2a2e6
stress_user_31,eyJhbGciOiJIUzI1NiIsInR5cCI6IkpXVCJ9.eyJ1c2VySWQiOiI2OTZmYjUzZDFkY2YxZTFlM2FjMmEyODIiLCJpYXQiOjE3Njg5Mjg1NzQsImV4cCI6MTc2OTAxNDk3NH0.IH3gfS58Uq8ONn8ExlyY6D9bn_XfbJzRiHkdI8j8fD8,696fb53e1dcf1e1e3ac2a2e6
stress_user_32,eyJhbGciOiJIUzI1NiIsInR5cCI6IkpXVCJ9.eyJ1c2VySWQiOiI2OTZmYjUzZDFkY2YxZTFlM2FjMmEyODMiLCJpYXQiOjE3Njg5Mjg1NzQsImV4cCI6MTc2OTAxNDk3NH0.cMErio5V-kt4Isq1SupnVR0IbS_icUoP3uGT38k2lxM,696fb53e1dcf1e1e3ac2a2e8
stress_user_33,eyJhbGciOiJIUzI1NiIsInR5cCI6IkpXVCJ9.eyJ1c2VySWQiOiI2OTZmYjUzZDFkY2YxZTFlM2FjMmEyODQiLCJpYXQiOjE3Njg5Mjg1NzQsImV4cCI6MTc2OTAxNDk3NH0.ykGES2a8oAgqHLCrteOiqkXm5WEqYyOxhLXTBwMma88,696fb53e1dcf1e1e3ac2a2e8
stress_user_34,eyJhbGciOiJIUzI1NiIsInR5cCI6IkpXVCJ9.eyJ1c2VySWQiOiI2OTZmYjUzZDFkY2YxZTFlM2FjMmEyODUiLCJpYXQiOjE3Njg5Mjg1NzQsImV4cCI6MTc2OTAxNDk3NH0.b2jiIspMb8bZcC0rJ8cX43k-og0YxSzc_caOknW3WNs,696fb53e1dcf1e1e3ac2a2ea
stress_user_35,eyJhbGciOiJIUzI1NiIsInR5cCI6IkpXVCJ9.eyJ1c2VySWQiOiI2OTZmYjUzZDFkY2YxZTFlM2FjMmEyODYiLCJpYXQiOjE3Njg5Mjg1NzQsImV4cCI6MTc2OTAxNDk3NH0.iJSs4wKxawKQT3fsS7HHckdu4yupfRwqxFNc1Vv-WjE,696fb53e1dcf1e1e3ac2a2ea
stress_user_36,eyJhbGciOiJIUzI1NiIsInR5cCI6IkpXVCJ9.eyJ1c2VySWQiOiI2OTZmYjUzZDFkY2YxZTFlM2FjMmEyODciLCJpYXQiOjE3Njg5Mjg1NzQsImV4cCI6MTc2OTAxNDk3NH0.7gCO6U604Q-aYer81lOEWNN2qn6BM01jHoP8pOsbs5I,696fb53e1dcf1e1e3ac2a2ec
stress_user_37,eyJhbGciOiJIUzI1NiIsInR5cCI6IkpXVCJ9.eyJ1c2VySWQiOiI2OTZmYjUzZDFkY2YxZTFlM2FjMmEyODgiLCJpYXQiOjE3Njg5Mjg1NzQsImV4cCI6MTc2OTAxNDk3NH0.3dO9MX-avLt0niRRRwi7_SxUl5y8mxiJbAdfRIFwQzU,696fb53e1dcf1e1e3ac2a2ec
stress_user_38,eyJhbGciOiJIUzI1NiIsInR5cCI6IkpXVCJ9.eyJ1c2VySWQiOiI2OTZmYjUzZDFkY2YxZTFlM2FjMmEyODkiLCJpYXQiOjE3Njg5Mjg1NzQsImV4cCI6MTc2OTAxNDk3NH0.YqisuK8yl1dZ7GpGuZLDKzwjKFlVMxBNTdIuyNFrd9k,696fb53e1dcf1e1e3ac2a2ee
stress_user_39,eyJhbGciOiJIUzI1NiIsInR5cCI6IkpXVCJ9.eyJ1c2VySWQiOiI2OTZmYjUzZDFkY2YxZTFlM2FjMmEyOGEiLCJpYXQiOjE3Njg5Mjg1NzQsImV4cCI6MTc2OTAxNDk3NH0.XRP82wp0yOcvhJFtFPDeALNnXU42b5lxPTOaXsNqATg,696fb53e1dcf1e1e3ac2a2ee
stress_user_40,eyJhbGciOiJIUzI1NiIsInR5cCI6IkpXVCJ9.eyJ1c2VySWQiOiI2OTZmYjUzZDFkY2YxZTFlM2FjMmEyOGIiLCJpYXQiOjE3Njg5Mjg1NzQsImV4cCI6MTc2OTAxNDk3NH0.jPocJUl4JY5yj7dK-43SuAvm4-y-B93yp06_6X60-O8,696fb53e1dcf1e1e3ac2a2f0
stress_user_41,eyJhbGciOiJIUzI1NiIsInR5cCI6IkpXVCJ9.eyJ1c2VySWQiOiI2OTZmYjUzZDFkY2YxZTFlM2FjMmEyOGMiLCJpYXQiOjE3Njg5Mjg1NzQsImV4cCI6MTc2OTAxNDk3NH0.4zAOn5M3Hw06hL7CM871ReB1kchHNQf2KNP_Ynck_I8,696fb53e1dcf1e1e3ac2a2f0
stress_user_42,eyJhbGciOiJIUzI1NiIsInR5cCI6IkpXVCJ9.eyJ1c2VySWQiOiI2OTZmYjUzZDFkY2YxZTFlM2FjMmEyOGQiLCJpYXQiOjE3Njg5Mjg1NzQsImV4cCI6MTc2OTAxNDk3NH0.jzDz4yoXqsyXlqWNUiyTzjdTjuxHrts6gqfe8YOFN_A,696fb53e1dcf1e1e3ac2a2f2
stress_user_43,eyJhbGciOiJIUzI1NiIsInR5cCI6IkpXVCJ9.eyJ1c2VySWQiOiI2OTZmYjUzZDFkY2YxZTFlM2FjMmEyOGUiLCJpYXQiOjE3Njg5Mjg1NzQsImV4cCI6MTc2OTAxNDk3NH0.nEttIndz0dFVUNxrG_hercC9wGPfspIOVfiGDSSRn9s,696fb53e1dcf1e1e3ac2a2f2
stress_user_44,eyJhbGciOiJIUzI1NiIsInR5cCI6IkpXVCJ9.eyJ1c2VySWQiOiI2OTZmYjUzZDFkY2YxZTFlM2FjMmEyOGYiLCJpYXQiOjE3Njg5Mjg1NzQsImV4cCI6MTc2OTAxNDk3NH0.kUy08mpijf3OQHRtYsKGMX_9MDsvmX1r6COAYFBzFOM,696fb53e1dcf1e1e3ac2a2f4
stress_user_45,eyJhbGciOiJIUzI1NiIsInR5cCI6IkpXVCJ9.eyJ1c2VySWQiOiI2OTZmYjUzZDFkY2YxZTFlM2FjMmEyOTAiLCJpYXQiOjE3Njg5Mjg1NzQsImV4cCI6MTc2OTAxNDk3NH0.XlizGrDmg_fQIDz-wGCnjI8Uw13Tdgcu3JRmGD7esh0,696fb53e1dcf1e1e3ac2a2f4
stress_user_46,eyJhbGciOiJIUzI1NiIsInR5cCI6IkpXVCJ9.eyJ1c2VySWQiOiI2OTZmYjUzZDFkY2YxZTFlM2FjMmEyOTEiLCJpYXQiOjE3Njg5Mjg1NzQsImV4cCI6MTc2OTAxNDk3NH0.BK3osmLYsOmXra2fMITwgcMBHmBDvbdjyqFiWxOrspw,696fb53e1dcf1e1e3ac2a2f6
stress_user_47,eyJhbGciOiJIUzI1NiIsInR5cCI6IkpXVCJ9.eyJ1c2VySWQiOiI2OTZmYjUzZDFkY2YxZTFlM2FjMmEyOTIiLCJpYXQiOjE3Njg5Mjg1NzQsImV4cCI6MTc2OTAxNDk3NH0.yUIN5mCeKgC-sY8oisZbAzLWRwdkCiiEjE7SR5WyjSY,696fb53e1dcf1e1e3ac2a2f6
stress_user_48,eyJhbGciOiJIUzI1NiIsInR5cCI6IkpXVCJ9.eyJ1c2VySWQiOiI2OTZmYjUzZDFkY2YxZTFlM2FjMmEyOTMiLCJpYXQiOjE3Njg5Mjg1NzQsImV4cCI6MTc2OTAxNDk3NH0.ZHwoDZZCcYUvE3zQ3c3X-bmmVs98lj7sLfHK1nYMpyM,696fb53e1dcf1e1e3ac2a2f8
stress_user_49,eyJhbGciOiJIUzI1NiIsInR5cCI6IkpXVCJ9.eyJ1c2VySWQiOiI2OTZmYjUzZDFkY2YxZTFlM2FjMmEyOTQiLCJpYXQiOjE3Njg5Mjg1NzQsImV4cCI6MTc2OTAxNDk3NH0.05n7SxeB6lOH1j2Cdanf_BngMIdiMrU2svGV4iWTbZ8,696fb53e1dcf1e1e3ac2a2f8
stress_user_50,eyJhbGciOiJIUzI1NiIsInR5cCI6IkpXVCJ9.eyJ1c2VySWQiOiI2OTZmYjUzZDFkY2YxZTFlM2FjMmEyOTUiLCJpYXQiOjE3Njg5Mjg1NzQsImV4cCI6MTc2OTAxNDk3NH0.GLT18uxyvUWOl9uHhwKPPbThjKgB2eWRbCaXVnuOLbw,696fb53e1dcf1e1e3ac2a2fa
stress_user_51,eyJhbGciOiJIUzI1NiIsInR5cCI6IkpXVCJ9.eyJ1c2VySWQiOiI2OTZmYjUzZDFkY2YxZTFlM2FjMmEyOTYiLCJpYXQiOjE3Njg5Mjg1NzQsImV4cCI6MTc2OTAxNDk3NH0.MkpFhsHzM5HpoMiDIYS_oFrRXA48-KSBenDzbF06k9E,696fb53e1dcf1e1e3ac2a2fa
stress_user_52,eyJhbGciOiJIUzI1NiIsInR5cCI6IkpXVCJ9.eyJ1c2VySWQiOiI2OTZmYjUzZDFkY2YxZTFlM2FjMmEyOTciLCJpYXQiOjE3Njg5Mjg1NzQsImV4cCI6MTc2OTAxNDk3NH0.mHEOzRJ35wQDN9xOaKI-XuPXlg836MH3RuS2m1cDAXw,696fb53e1dcf1e1e3ac2a2fc
stress_user_53,eyJhbGciOiJIUzI1NiIsInR5cCI6IkpXVCJ9.eyJ1c2VySWQiOiI2OTZmYjUzZDFkY2YxZTFlM2FjMmEyOTgiLCJpYXQiOjE3Njg5Mjg1NzQsImV4cCI6MTc2OTAxNDk3NH0.hpIYsOBcDlDix5OgNOLduDM1GcOJ8dl-pJfLxiJK7H4,696fb53e1dcf1e1e3ac2a2fc
stress_user_54,eyJhbGciOiJIUzI1NiIsInR5cCI6IkpXVCJ9.eyJ1c2VySWQiOiI2OTZmYjUzZDFkY2YxZTFlM2FjMmEyOTkiLCJpYXQiOjE3Njg5Mjg1NzUsImV4cCI6MTc2OTAxNDk3NX0.oD7oR9nc2Nq8sgnMrTfaX7C-LiAuUKy31FjE6h7DVlQ,696fb53e1dcf1e1e3ac2a2fe
stress_user_55,eyJhbGciOiJIUzI1NiIsInR5cCI6IkpXVCJ9.eyJ1c2VySWQiOiI2OTZmYjUzZDFkY2YxZTFlM2FjMmEyOWEiLCJpYXQiOjE3Njg5Mjg1NzUsImV4cCI6MTc2OTAxNDk3NX0.GRN0TbTSp5102A7-28o-_CIC2LSwny9zt_UwmRh2LcM,696fb53e1dcf1e1e3ac2a2fe
stress_user_56,eyJhbGciOiJIUzI1NiIsInR5cCI6IkpXVCJ9.eyJ1c2VySWQiOiI2OTZmYjUzZDFkY2YxZTFlM2FjMmEyOWIiLCJpYXQiOjE3Njg5Mjg1NzUsImV4cCI6MTc2OTAxNDk3NX0.xNB8l5sNS8l-D_UlOH6AOqdOxzqN0oWmXzzzfmZUaWY,696fb53f1dcf1e1e3ac2a300
stress_user_57,eyJhbGciOiJIUzI1NiIsInR5cCI6IkpXVCJ9.eyJ1c2VySWQiOiI2OTZmYjUzZDFkY2YxZTFlM2FjMmEyOWMiLCJpYXQiOjE3Njg5Mjg1NzUsImV4cCI6MTc2OTAxNDk3NX0.50hHtbuAXaHFNq19n5k9cldRjy3QZN9D35CTJW8hamY,696fb53f1dcf1e1e3ac2a300
stress_user_58,eyJhbGciOiJIUzI1NiIsInR5cCI6IkpXVCJ9.eyJ1c2VySWQiOiI2OTZmYjUzZDFkY2YxZTFlM2FjMmEyOWQiLCJpYXQiOjE3Njg5Mjg1NzUsImV4cCI6MTc2OTAxNDk3NX0.5nfvx5dI-v5cSemyByUgDnODDguG_rOFV6VOPAxzav8,696fb53f1dcf1e1e3ac2a302
stress_user_59,eyJhbGciOiJIUzI1NiIsInR5cCI6IkpXVCJ9.eyJ1c2VySWQiOiI2OTZmYjUzZDFkY2YxZTFlM2FjMmEyOWUiLCJpYXQiOjE3Njg5Mjg1NzUsImV4cCI6MTc2OTAxNDk3NX0.NsKxu_5Nzj_BCsAp4VX5mYInPErcVafnsNuyHk_XEio,696fb53f1dcf1e1e3ac2a302
stress_user_60,eyJhbGciOiJIUzI1NiIsInR5cCI6IkpXVCJ9.eyJ1c2VySWQiOiI2OTZmYjUzZDFkY2YxZTFlM2FjMmEyOWYiLCJpYXQiOjE3Njg5Mjg1NzUsImV4cCI6MTc2OTAxNDk3NX0.vHvbZ0fF8C2NdURc8wixJxUAWTWlY9gCe7ln1v8LDls,696fb53f1dcf1e1e3ac2a304
stress_user_61,eyJhbGciOiJIUzI1NiIsInR5cCI6IkpXVCJ9.eyJ1c2VySWQiOiI2OTZmYjUzZDFkY2YxZTFlM2FjMmEyYTAiLCJpYXQiOjE3Njg5Mjg1NzUsImV4cCI6MTc2OTAxNDk3NX0.qf834MB_d1VKIaV-3rBYzwJliGope-FOCNKfH-MTrWk,696fb53f1dcf1e1e3ac2a304
stress_user_62,eyJhbGciOiJIUzI1NiIsInR5cCI6IkpXVCJ9.eyJ1c2VySWQiOiI2OTZmYjUzZDFkY2YxZTFlM2FjMmEyYTEiLCJpYXQiOjE3Njg5Mjg1NzUsImV4cCI6MTc2OTAxNDk3NX0.JXDYKAIcz7dn7lhK2Ppv-SULvXHQ4ZcbmUn4nY5_mfw,696fb53f1dcf1e1e3ac2a306
stress_user_63,eyJhbGciOiJIUzI1NiIsInR5cCI6IkpXVCJ9.eyJ1c2VySWQiOiI2OTZmYjUzZDFkY2YxZTFlM2FjMmEyYTIiLCJpYXQiOjE3Njg5Mjg1NzUsImV4cCI6MTc2OTAxNDk3NX0.R8CWjT6HGkvw8F6rczPC6gnwoBUJy-iR2J6ddygPUtA,696fb53f1dcf1e1e3ac2a306
stress_user_64,eyJhbGciOiJIUzI1NiIsInR5cCI6IkpXVCJ9.eyJ1c2VySWQiOiI2OTZmYjUzZDFkY2YxZTFlM2FjMmEyYTMiLCJpYXQiOjE3Njg5Mjg1NzUsImV4cCI6MTc2OTAxNDk3NX0.mAfbTSRqYMYlRiUwJa3JtsvBvGxwewDfz7pBtn-JBN8,696fb53f1dcf1e1e3ac2a308
stress_user_65,eyJhbGciOiJIUzI1NiIsInR5cCI6IkpXVCJ9.eyJ1c2VySWQiOiI2OTZmYjUzZDFkY2YxZTFlM2FjMmEyYTQiLCJpYXQiOjE3Njg5Mjg1NzUsImV4cCI6MTc2OTAxNDk3NX0.z_s58uqtaJPy-p8GjbWJ0vvu4Vt9yKwpGihfIcCe6Qk,696fb53f1dcf1e1e3ac2a308
stress_user_66,eyJhbGciOiJIUzI1NiIsInR5cCI6IkpXVCJ9.eyJ1c2VySWQiOiI2OTZmYjUzZDFkY2YxZTFlM2FjMmEyYTUiLCJpYXQiOjE3Njg5Mjg1NzUsImV4cCI6MTc2OTAxNDk3NX0.Dts19z5wCue7yqsCNuHY7D-buL9IDwPOOk8m4j-xOTo,696fb53f1dcf1e1e3ac2a30a
stress_user_67,eyJhbGciOiJIUzI1NiIsInR5cCI6IkpXVCJ9.eyJ1c2VySWQiOiI2OTZmYjUzZDFkY2YxZTFlM2FjMmEyYTYiLCJpYXQiOjE3Njg5Mjg1NzUsImV4cCI6MTc2OTAxNDk3NX0.vkrTYRfMcdZNm3fwYOOroaNizTroNES4YUdQ6gybomU,696fb53f1dcf1e1e3ac2a30a
stress_user_68,eyJhbGciOiJIUzI1NiIsInR5cCI6IkpXVCJ9.eyJ1c2VySWQiOiI2OTZmYjUzZDFkY2YxZTFlM2FjMmEyYTciLCJpYXQiOjE3Njg5Mjg1NzUsImV4cCI6MTc2OTAxNDk3NX0.AYg4PLU9rnjmd1diKgX08XVZ5c8VVtOLGTfrJEPPVNA,696fb53f1dcf1e1e3ac2a30c
stress_user_69,eyJhbGciOiJIUzI1NiIsInR5cCI6IkpXVCJ9.eyJ1c2VySWQiOiI2OTZmYjUzZDFkY2YxZTFlM2FjMmEyYTgiLCJpYXQiOjE3Njg5Mjg1NzUsImV4cCI6MTc2OTAxNDk3NX0.tKQuW6BY8-KHnmy5NTKs7Mb38IJcAeo2qBOZ-vxkGws,696fb53f1dcf1e1e3ac2a30c
stress_user_70,eyJhbGciOiJIUzI1NiIsInR5cCI6IkpXVCJ9.eyJ1c2VySWQiOiI2OTZmYjUzZDFkY2YxZTFlM2FjMmEyYTkiLCJpYXQiOjE3Njg5Mjg1NzUsImV4cCI6MTc2OTAxNDk3NX0.T5L3CCEjql0YOJnMKbFSBUf25Vuk_xPZhr8L-HFuJDI,696fb53f1dcf1e1e3ac2a30e
stress_user_71,eyJhbGciOiJIUzI1NiIsInR5cCI6IkpXVCJ9.eyJ1c2VySWQiOiI2OTZmYjUzZDFkY2YxZTFlM2FjMmEyYWEiLCJpYXQiOjE3Njg5Mjg1NzUsImV4cCI6MTc2OTAxNDk3NX0.y0WHL93qLLOFl8Uv7JM8SE4HuI9NJSlo0eDQUMks1CI,696fb53f1dcf1e1e3ac2a30e
stress_user_72,eyJhbGciOiJIUzI1NiIsInR5cCI6IkpXVCJ9.eyJ1c2VySWQiOiI2OTZmYjUzZDFkY2YxZTFlM2FjMmEyYWIiLCJpYXQiOjE3Njg5Mjg1NzUsImV4cCI6MTc2OTAxNDk3NX0.9DlxTM_g5LZOX6N2Uklg1JAMfYehVXOUSsrhbaQv9hE,696fb53f1dcf1e1e3ac2a310
stress_user_73,eyJhbGciOiJIUzI1NiIsInR5cCI6IkpXVCJ9.eyJ1c2VySWQiOiI2OTZmYjUzZDFkY2YxZTFlM2FjMmEyYWMiLCJpYXQiOjE3Njg5Mjg1NzUsImV4cCI6MTc2OTAxNDk3NX0.eAoxNIM3wS8PvwBlvS-zweIyNnrdO00JDSdDOuVz1fs,696fb53f1dcf1e1e3ac2a310
stress_user_74,eyJhbGciOiJIUzI1NiIsInR5cCI6IkpXVCJ9.eyJ1c2VySWQiOiI2OTZmYjUzZDFkY2YxZTFlM2FjMmEyYWQiLCJpYXQiOjE3Njg5Mjg1NzUsImV4cCI6MTc2OTAxNDk3NX0.nl9V29UjoDYyLmZ35Mt_TA9v8vfhoxv_hRlWO69bcEw,696fb53f1dcf1e1e3ac2a312
stress_user_75,eyJhbGciOiJIUzI1NiIsInR5cCI6IkpXVCJ9.eyJ1c2VySWQiOiI2OTZmYjUzZDFkY2YxZTFlM2FjMmEyYWUiLCJpYXQiOjE3Njg5Mjg1NzUsImV4cCI6MTc2OTAxNDk3NX0.Gi6W94QNOljC8ofMs_5ilUPiInvCuyoaV8_Q2fT4g1o,696fb53f1dcf1e1e3ac2a312
stress_user_76,eyJhbGciOiJIUzI1NiIsInR5cCI6IkpXVCJ9.eyJ1c2VySWQiOiI2OTZmYjUzZDFkY2YxZTFlM2FjMmEyYWYiLCJpYXQiOjE3Njg5Mjg1NzUsImV4cCI6MTc2OTAxNDk3NX0.buRzjecsPA7rlxHX2-9pqy2IIr9qYWM_Ltox4zOZfVo,696fb53f1dcf1e1e3ac2a314
stress_user_77,eyJhbGciOiJIUzI1NiIsInR5cCI6IkpXVCJ9.eyJ1c2VySWQiOiI2OTZmYjUzZDFkY2YxZTFlM2FjMmEyYjAiLCJpYXQiOjE3Njg5Mjg1NzUsImV4cCI6MTc2OTAxNDk3NX0.yTXiRM7xceHZPymGePa8quNownHFN3h-48c-CDNi58w,696fb53f1dcf1e1e3ac2a314
stress_user_78,eyJhbGciOiJIUzI1NiIsInR5cCI6IkpXVCJ9.eyJ1c2VySWQiOiI2OTZmYjUzZDFkY2YxZTFlM2FjMmEyYjEiLCJpYXQiOjE3Njg5Mjg1NzUsImV4cCI6MTc2OTAxNDk3NX0.d9NAzhRP0bOGdccD3r_vbAN6ck9RE-5FUpdx-cdepZ8,696fb53f1dcf1e1e3ac2a316
stress_user_79,eyJhbGciOiJIUzI1NiIsInR5cCI6IkpXVCJ9.eyJ1c2VySWQiOiI2OTZmYjUzZDFkY2YxZTFlM2FjMmEyYjIiLCJpYXQiOjE3Njg5Mjg1NzUsImV4cCI6MTc2OTAxNDk3NX0.n2rUh_3zwSKM-l7NrecjBP2ZvGjSxawUeWCqJSdJ9Ao,696fb53f1dcf1e1e3ac2a316
stress_user_80,eyJhbGciOiJIUzI1NiIsInR5cCI6IkpXVCJ9.eyJ1c2VySWQiOiI2OTZmYjUzZDFkY2YxZTFlM2FjMmEyYjMiLCJpYXQiOjE3Njg5Mjg1NzUsImV4cCI6MTc2OTAxNDk3NX0.e3eOD2_rQih-auFIbAnR2Fbm1QQX_4gfdcJYbFx_xD8,696fb53f1dcf1e1e3ac2a318
stress_user_81,eyJhbGciOiJIUzI1NiIsInR5cCI6IkpXVCJ9.eyJ1c2VySWQiOiI2OTZmYjUzZDFkY2YxZTFlM2FjMmEyYjQiLCJpYXQiOjE3Njg5Mjg1NzUsImV4cCI6MTc2OTAxNDk3NX0.23XP2EfHLZVkp1yw1rvc9fj4ZiAIS0GYTh1F5cQMt7E,696fb53f1dcf1e1e3ac2a318
stress_user_82,eyJhbGciOiJIUzI1NiIsInR5cCI6IkpXVCJ9.eyJ1c2VySWQiOiI2OTZmYjUzZDFkY2YxZTFlM2FjMmEyYjUiLCJpYXQiOjE3Njg5Mjg1NzUsImV4cCI6MTc2OTAxNDk3NX0.LhSB5s999WboTKICNOMOS6MgjipkWypbOF4g68tBMpE,696fb53f1dcf1e1e3ac2a31a
stress_user_83,eyJhbGciOiJIUzI1NiIsInR5cCI6IkpXVCJ9.eyJ1c2VySWQiOiI2OTZmYjUzZDFkY2YxZTFlM2FjMmEyYjYiLCJpYXQiOjE3Njg5Mjg1NzUsImV4cCI6MTc2OTAxNDk3NX0._egl0Ajkf_b2H1dxObigcbs2OWIA-XMRxy3dY6P4WhY,696fb53f1dcf1e1e3ac2a31a
stress_user_84,eyJhbGciOiJIUzI1NiIsInR5cCI6IkpXVCJ9.eyJ1c2VySWQiOiI2OTZmYjUzZDFkY2YxZTFlM2FjMmEyYjciLCJpYXQiOjE3Njg5Mjg1NzYsImV4cCI6MTc2OTAxNDk3Nn0.pFSZm3qI9jGKXtq6MPmVPiLNS9pU_dyVADHkFgCzFJg,696fb53f1dcf1e1e3ac2a31c
stress_user_85,eyJhbGciOiJIUzI1NiIsInR5cCI6IkpXVCJ9.eyJ1c2VySWQiOiI2OTZmYjUzZDFkY2YxZTFlM2FjMmEyYjgiLCJpYXQiOjE3Njg5Mjg1NzYsImV4cCI6MTc2OTAxNDk3Nn0.rHcKpxTBBleoF6yd17l0VsD_nhOVnnC1WysUI6leFII,696fb53f1dcf1e1e3ac2a31c
stress_user_86,eyJhbGciOiJIUzI1NiIsInR5cCI6IkpXVCJ9.eyJ1c2VySWQiOiI2OTZmYjUzZDFkY2YxZTFlM2FjMmEyYjkiLCJpYXQiOjE3Njg5Mjg1NzYsImV4cCI6MTc2OTAxNDk3Nn0.j2F4GNMVeiCQqwqM4v0wl6V3PIGk128TVX4RrxqBGqM,696fb5401dcf1e1e3ac2a31e
stress_user_87,eyJhbGciOiJIUzI1NiIsInR5cCI6IkpXVCJ9.eyJ1c2VySWQiOiI2OTZmYjUzZDFkY2YxZTFlM2FjMmEyYmEiLCJpYXQiOjE3Njg5Mjg1NzYsImV4cCI6MTc2OTAxNDk3Nn0.5Zb_6e51w3ubWUz0iH_PyW1mGjTdrLG3F48EFG368MI,696fb5401dcf1e1e3ac2a31e
stress_user_88,eyJhbGciOiJIUzI1NiIsInR5cCI6IkpXVCJ9.eyJ1c2VySWQiOiI2OTZmYjUzZDFkY2YxZTFlM2FjMmEyYmIiLCJpYXQiOjE3Njg5Mjg1NzYsImV4cCI6MTc2OTAxNDk3Nn0.RScFEsvh8YhSZuzGQzdXpzebF7dBPARw0CMDJk_7T0Y,696fb5401dcf1e1e3ac2a320
stress_user_89,eyJhbGciOiJIUzI1NiIsInR5cCI6IkpXVCJ9.eyJ1c2VySWQiOiI2OTZmYjUzZDFkY2YxZTFlM2FjMmEyYmMiLCJpYXQiOjE3Njg5Mjg1NzYsImV4cCI6MTc2OTAxNDk3Nn0.5dp6YgzOOp50LGjlpUjnZBZkl4uDw4qBLtHgXXRTZ3A,696fb5401dcf1e1e3ac2a320
stress_user_90,eyJhbGciOiJIUzI1NiIsInR5cCI6IkpXVCJ9.eyJ1c2VySWQiOiI2OTZmYjUzZDFkY2YxZTFlM2FjMmEyYmQiLCJpYXQiOjE3Njg5Mjg1NzYsImV4cCI6MTc2OTAxNDk3Nn0.wmLgx-0hVbpARg3ScAHqYa4RBVhf8kEvBLWEQ0ZdpeI,696fb5401dcf1e1e3ac2a322
stress_user_91,eyJhbGciOiJIUzI1NiIsInR5cCI6IkpXVCJ9.eyJ1c2VySWQiOiI2OTZmYjUzZDFkY2YxZTFlM2FjMmEyYmUiLCJpYXQiOjE3Njg5Mjg1NzYsImV4cCI6MTc2OTAxNDk3Nn0.i22wd6MKPtXYC_CPTm-23mXkK5O5LoQKMUaUqBG6fVU,696fb5401dcf1e1e3ac2a322
stress_user_92,eyJhbGciOiJIUzI1NiIsInR5cCI6IkpXVCJ9.eyJ1c2VySWQiOiI2OTZmYjUzZDFkY2YxZTFlM2FjMmEyYmYiLCJpYXQiOjE3Njg5Mjg1NzYsImV4cCI6MTc2OTAxNDk3Nn0.9dzgUpPycGbuesLiP2CcqmwAUoElmVTw_S039nd37GM,696fb5401dcf1e1e3ac2a324
stress_user_93,eyJhbGciOiJIUzI1NiIsInR5cCI6IkpXVCJ9.eyJ1c2VySWQiOiI2OTZmYjUzZDFkY2YxZTFlM2FjMmEyYzAiLCJpYXQiOjE3Njg5Mjg1NzYsImV4cCI6MTc2OTAxNDk3Nn0.rFX3IKFsnc7zVqgo5_6W84dtUR50oEarjpv7UNUZ2yc,696fb5401dcf1e1e3ac2a324
stress_user_94,eyJhbGciOiJIUzI1NiIsInR5cCI6IkpXVCJ9.eyJ1c2VySWQiOiI2OTZmYjUzZDFkY2YxZTFlM2FjMmEyYzEiLCJpYXQiOjE3Njg5Mjg1NzYsImV4cCI6MTc2OTAxNDk3Nn0.PyRK37_wHISJv_dsGl8yJCSHGWB3wSHswNAlGQM6UMc,696fb5401dcf1e1e3ac2a326
stress_user_95,eyJhbGciOiJIUzI1NiIsInR5cCI6IkpXVCJ9.eyJ1c2VySWQiOiI2OTZmYjUzZDFkY2YxZTFlM2FjMmEyYzIiLCJpYXQiOjE3Njg5Mjg1NzYsImV4cCI6MTc2OTAxNDk3Nn0.8iah1bTSzOuXdTPSI7Oa7Ep_Wu5aUFpFjNILbYVihao,696fb5401dcf1e1e3ac2a326
stress_user_96,eyJhbGciOiJIUzI1NiIsInR5cCI6IkpXVCJ9.eyJ1c2VySWQiOiI2OTZmYjUzZDFkY2YxZTFlM2FjMmEyYzMiLCJpYXQiOjE3Njg5Mjg1NzYsImV4cCI6MTc2OTAxNDk3Nn0.2ldCbhV6YS6Zcivb7RJd6GDKF3LQRE1nfdA17OIRxQ0,696fb5401dcf1e1e3ac2a328
stress_user_97,eyJhbGciOiJIUzI1NiIsInR5cCI6IkpXVCJ9.eyJ1c2VySWQiOiI2OTZmYjUzZDFkY2YxZTFlM2FjMmEyYzQiLCJpYXQiOjE3Njg5Mjg1NzYsImV4cCI6MTc2OTAxNDk3Nn0.26lVZazS42AsOzOeFdo_sObBmNljol2pA857Nl2UyNE,696fb5401dcf1e1e3ac2a328
stress_user_98,eyJhbGciOiJIUzI1NiIsInR5cCI6IkpXVCJ9.eyJ1c2VySWQiOiI2OTZmYjUzZDFkY2YxZTFlM2FjMmEyYzUiLCJpYXQiOjE3Njg5Mjg1NzYsImV4cCI6MTc2OTAxNDk3Nn0.BLxqkXyo1vIDUrPG2urSlYZYioUBD4QmmTw76s5GWeU,696fb5401dcf1e1e3ac2a32a
stress_user_99,eyJhbGciOiJIUzI1NiIsInR5cCI6IkpXVCJ9.eyJ1c2VySWQiOiI2OTZmYjUzZDFkY2YxZTFlM2FjMmEyYzYiLCJpYXQiOjE3Njg5Mjg1NzYsImV4cCI6MTc2OTAxNDk3Nn0._e_79N5B0Sd6a3T39-r7L9o3l_D3cgYwSRzR8_jaJ_A,696fb5401dcf1e1e3ac2a32a
